scenario,seed,policy,session_id,minutes,mean_t_in,max_t_in,degree_minutes_over_26,minutes_over_26,minutes_under_24,fan_minutes,fan_wh,window_open_minutes,moves,label,group,seconds,fan_penalty,ablation
palo_alto,1,fixed,palo_alto_s1_fixed,2880.0,27.455247542145557,36.287575064213385,9047.158386265022,1550.0,0.0,0.0,0.0,0.0,0,sealed,reference,0.4,,
palo_alto,1,fixed,palo_alto_s1_fixed,2880.0,22.76897260866827,31.762367005526308,3212.6199490312374,955.0,465.0,0.0,0.0,2875.0,1,window open throughout,reference,0.4,,
palo_alto,1,fixed,palo_alto_s1_fixed,2880.0,22.41437153791156,31.5675549681171,3022.2946340169133,935.0,600.0,2875.0,1197.9166666657488,2875.0,1,open with fan throughout,reference,0.4,,
palo_alto,1,timer,palo_alto_s1_timer,2880.0,22.84845084558161,32.201669519783046,3327.546266904625,970.0,445.0,1435.0,597.9166666666218,1435.0,192,"timer, 50% duty",reference,0.4,,
palo_alto,1,simple_rule,palo_alto_s1_simple_rule,2880.0,21.84239605310316,31.995803525225835,2110.493685229112,690.0,305.0,1535.0,639.5833333332279,1535.0,39,threshold rule,reference,0.4,,
palo_alto,1,mpc,palo_alto_s1_mpc,2880.0,21.834849824099447,31.424421626523134,2086.2196553964795,690.0,380.0,1285.0,513.8853022302686,1900.0,10,"mpc, fan penalty 0",sweep,73.9,0.0,
palo_alto,1,mpc,palo_alto_s1_mpc,2880.0,22.0599257118799,31.425647755683816,2094.4368994532397,690.0,345.0,510.0,201.1305384989568,1900.0,10,"mpc, fan penalty 0.15",sweep,44.1,0.15,
palo_alto,1,mpc,palo_alto_s1_mpc,2880.0,22.061663814047783,31.436122891695042,2098.176454275957,690.0,345.0,480.0,184.54559624159785,1885.0,9,"mpc, fan penalty 0.35",sweep,42.4,0.35,
palo_alto,1,mpc,palo_alto_s1_mpc,2880.0,22.067927703545248,31.528178924032517,2115.3238596070973,690.0,345.0,450.0,157.44610127371982,1885.0,9,"mpc, fan penalty 0.7",sweep,47.2,0.7,
palo_alto,1,mpc,palo_alto_s1_mpc,2880.0,22.107522741538943,31.607231873094822,2221.501235430383,705.0,345.0,375.0,68.74627271318231,1885.0,9,"mpc, fan penalty 1.5",sweep,56.2,1.5,
palo_alto,1,mpc,palo_alto_s1_mpc,2880.0,22.1734267808199,31.607344421839393,2386.136716059405,735.0,340.0,30.0,1.3644306359699863,1885.0,9,"mpc, fan penalty 4",sweep,31.9,4.0,
palo_alto,1,mpc,palo_alto_s1_mpc,2880.0,22.067927703545248,31.528178924032517,2115.3238596070973,690.0,345.0,450.0,157.44610127371982,1885.0,9,full controller,ablation,47.8,,full controller
palo_alto,1,mpc,palo_alto_s1_mpc,2880.0,23.066793570111688,31.616262649528245,2306.0452217157062,750.0,20.0,480.0,166.75192101733765,1840.0,8,no forecast (persistence),ablation,77.6,,no forecast (persistence)
palo_alto,1,mpc,palo_alto_s1_mpc,2880.0,22.0880246944936,31.58507827525272,2119.599624953915,690.0,380.0,420.0,150.623963683046,1915.0,10,perfect forecast,ablation,47.5,,perfect forecast
palo_alto,1,mpc,palo_alto_s1_mpc,2880.0,23.036617336208288,31.568894468584386,2216.341672621201,710.0,0.0,480.0,160.79678552041037,1450.0,12,short horizon (7.5 h),ablation,9.8,,short horizon (7.5 h)
palo_alto,1,mpc,palo_alto_s1_mpc,2880.0,23.11279167601448,31.55005792854082,2254.230580835645,730.0,0.0,480.0,163.4699194628992,1315.0,3,very short horizon (1 h),ablation,0.8,,very short horizon (1 h)
palo_alto,1,mpc_binary,palo_alto_s1_mpc_binary,2880.0,22.068361044856786,31.5280547450732,2115.3843620810794,690.0,345.0,450.0,157.47564446145756,1885.0,9,open or shut only,ablation,48.2,,open or shut only
