scenario,seed,policy,session_id,minutes,mean_t_in,max_t_in,degree_minutes_over_26,minutes_over_26,minutes_under_24,fan_minutes,fan_wh,window_open_minutes,moves,location,label,t_out_min,t_out_max,t_out_mean,night_mean,hours_over_26
palo_alto,2,sealed,palo_alto_s2_sealed,2880.0,27.446334011148693,36.28779331834569,9040.231087401165,1550.0,0.0,0.0,0.0,0.0,0,palo_alto,"Palo Alto, CA",14.706181498747988,31.631830713538026,21.885428390288805,16.42258893438744,25.833333333333332
palo_alto,2,open throughout,palo_alto_s2_open_throughout,2880.0,22.76767023103154,31.748649290946588,3213.8446085972614,950.0,470.0,0.0,0.0,2875.0,1,palo_alto,"Palo Alto, CA",14.706181498747988,31.631830713538026,21.885428390288805,16.42258893438744,15.833333333333334
palo_alto,2,timer,palo_alto_s2_timer,2880.0,22.847327337390702,32.256515201803,3325.4130023407374,960.0,440.0,1435.0,597.9166666666218,1435.0,192,palo_alto,"Palo Alto, CA",14.706181498747988,31.631830713538026,21.885428390288805,16.42258893438744,16.0
palo_alto,2,threshold rule,palo_alto_s2_threshold_rule,2880.0,21.82678196110986,31.533060226261465,2096.9777813099445,690.0,565.0,1880.0,783.3333333330187,1880.0,33,palo_alto,"Palo Alto, CA",14.706181498747988,31.631830713538026,21.885428390288805,16.42258893438744,11.5
palo_alto,2,controller,palo_alto_s2_controller,2880.0,22.191403660948914,31.45336475600674,2102.9773156825086,690.0,340.0,495.0,181.08196870356096,2125.0,14,palo_alto,"Palo Alto, CA",14.706181498747988,31.631830713538026,21.885428390288805,16.42258893438744,11.5
palo_alto,2,"reference, perfect information","palo_alto_s2_reference,_perfect_information",2880.0,22.032221850321523,31.45894720811029,2097.4518639717453,690.0,465.0,465.0,176.57310585990217,2095.0,13,palo_alto,"Palo Alto, CA",14.706181498747988,31.631830713538026,21.885428390288805,16.42258893438744,11.5
palo_alto,3,sealed,palo_alto_s3_sealed,2880.0,27.4365671152098,36.28435097212716,9032.740540598554,1545.0,0.0,0.0,0.0,0.0,0,palo_alto,"Palo Alto, CA",14.783850012594,31.531769236584257,21.885441643512593,16.422951075400423,25.75
palo_alto,3,open throughout,palo_alto_s3_open_throughout,2880.0,22.76625823438063,31.777574287920864,3212.7480346925186,955.0,470.0,0.0,0.0,2875.0,1,palo_alto,"Palo Alto, CA",14.783850012594,31.531769236584257,21.885441643512593,16.422951075400423,15.916666666666666
palo_alto,3,timer,palo_alto_s3_timer,2880.0,22.845823381518375,32.217138507239994,3325.685040655114,955.0,445.0,1435.0,597.9166666666218,1435.0,192,palo_alto,"Palo Alto, CA",14.783850012594,31.531769236584257,21.885441643512593,16.422951075400423,15.916666666666666
palo_alto,3,threshold rule,palo_alto_s3_threshold_rule,2880.0,21.78683251293559,31.515524366104007,2087.284498941385,685.0,570.0,1890.0,787.4999999996793,1890.0,31,palo_alto,"Palo Alto, CA",14.783850012594,31.531769236584257,21.885441643512593,16.422951075400423,11.416666666666666
palo_alto,3,controller,palo_alto_s3_controller,2880.0,22.039481770175897,31.490975357628457,2102.9276015398405,690.0,475.0,510.0,191.77943022229854,2215.0,7,palo_alto,"Palo Alto, CA",14.783850012594,31.531769236584257,21.885441643512593,16.422951075400423,11.5
palo_alto,3,"reference, perfect information","palo_alto_s3_reference,_perfect_information",2880.0,22.063951555257113,31.520144006960567,2101.951972655501,695.0,410.0,495.0,185.61974867945725,2170.0,9,palo_alto,"Palo Alto, CA",14.783850012594,31.531769236584257,21.885441643512593,16.422951075400423,11.583333333333334
phoenix,2,sealed,phoenix_s2_sealed,2880.0,44.508643913431875,52.99071386110211,53304.894470683794,2880.0,0.0,0.0,0.0,0.0,0,phoenix,"Phoenix, AZ",29.880892887631443,45.79986453959244,38.7238116939491,34.5156097963175,48.0
phoenix,2,open throughout,phoenix_s2_open_throughout,2880.0,39.61175920370017,46.461078465830916,39201.86650665649,2880.0,0.0,0.0,0.0,2875.0,1,phoenix,"Phoenix, AZ",29.880892887631443,45.79986453959244,38.7238116939491,34.5156097963175,48.0
phoenix,2,timer,phoenix_s2_timer,2880.0,39.69161864076719,47.02434083341671,39431.86168540949,2880.0,0.0,1435.0,597.9166666666218,1435.0,192,phoenix,"Phoenix, AZ",29.880892887631443,45.79986453959244,38.7238116939491,34.5156097963175,48.0
phoenix,2,threshold rule,phoenix_s2_threshold_rule,2880.0,39.24509493516517,46.04029392733049,38145.87341327568,2880.0,0.0,2745.0,1143.749999999161,2745.0,9,phoenix,"Phoenix, AZ",29.880892887631443,45.79986453959244,38.7238116939491,34.5156097963175,48.0
phoenix,2,controller,phoenix_s2_controller,2880.0,39.08004193567322,46.04861991908588,37670.52077473888,2880.0,0.0,2185.0,847.0729259529377,2425.0,7,phoenix,"Phoenix, AZ",29.880892887631443,45.79986453959244,38.7238116939491,34.5156097963175,48.0
phoenix,2,"reference, perfect information","phoenix_s2_reference,_perfect_information",2880.0,39.08183071869465,46.050513706050324,37675.67246984056,2880.0,0.0,2215.0,839.9485328153048,2440.0,7,phoenix,"Phoenix, AZ",29.880892887631443,45.79986453959244,38.7238116939491,34.5156097963175,48.0
phoenix,3,sealed,phoenix_s3_sealed,2880.0,44.52208175317119,52.990812339837056,53343.595449133034,2880.0,0.0,0.0,0.0,0.0,0,phoenix,"Phoenix, AZ",29.790747948857174,45.914970383167436,38.72385316232896,34.51587086762153,48.0
phoenix,3,open throughout,phoenix_s3_open_throughout,2880.0,39.61372492033965,46.49489025032708,39207.52777057819,2880.0,0.0,0.0,0.0,2875.0,1,phoenix,"Phoenix, AZ",29.790747948857174,45.914970383167436,38.72385316232896,34.51587086762153,48.0
phoenix,3,timer,phoenix_s3_timer,2880.0,39.6938427054597,47.090113999574115,39438.26699172394,2880.0,0.0,1435.0,597.9166666666218,1435.0,192,phoenix,"Phoenix, AZ",29.790747948857174,45.914970383167436,38.72385316232896,34.51587086762153,48.0
phoenix,3,threshold rule,phoenix_s3_threshold_rule,2880.0,39.085884643842036,46.049432193707844,37687.34777426507,2880.0,0.0,2350.0,979.166666666067,2350.0,5,phoenix,"Phoenix, AZ",29.790747948857174,45.914970383167436,38.72385316232896,34.51587086762153,48.0
phoenix,3,controller,phoenix_s3_controller,2880.0,39.13271141834472,46.06038387767756,37822.2088848328,2880.0,0.0,2335.0,890.2349347070915,2665.0,4,phoenix,"Phoenix, AZ",29.790747948857174,45.914970383167436,38.72385316232896,34.51587086762153,48.0
phoenix,3,"reference, perfect information","phoenix_s3_reference,_perfect_information",2880.0,39.146188162832374,46.064095146085,37861.02190895723,2880.0,0.0,2290.0,886.2650685757914,2665.0,3,phoenix,"Phoenix, AZ",29.790747948857174,45.914970383167436,38.72385316232896,34.51587086762153,48.0
austin,2,sealed,austin_s2_sealed,2880.0,35.53351023972118,43.57105134764216,27456.509490397002,2880.0,0.0,0.0,0.0,0.0,0,austin,"Austin, TX",24.333920595781212,35.99597931595813,29.854274713312325,27.029689797685123,48.0
austin,2,open throughout,austin_s2_open_throughout,2880.0,30.72624959148804,36.83289541398101,13664.994031092587,2675.0,0.0,0.0,0.0,2875.0,1,austin,"Austin, TX",24.333920595781212,35.99597931595813,29.854274713312325,27.029689797685123,44.583333333333336
austin,2,timer,austin_s2_timer,2880.0,30.80631615482886,37.329307449823325,13889.41660030384,2715.0,0.0,1435.0,597.9166666666218,1435.0,192,austin,"Austin, TX",24.333920595781212,35.99597931595813,29.854274713312325,27.029689797685123,45.25
austin,2,threshold rule,austin_s2_threshold_rule,2880.0,30.360044106888193,36.43472490263581,12706.7419048525,2565.0,0.0,2770.0,1154.1666666658125,2770.0,3,austin,"Austin, TX",24.333920595781212,35.99597931595813,29.854274713312325,27.029689797685123,42.75
austin,2,controller,austin_s2_controller,2880.0,30.381280666944818,36.461564405052584,12690.837526994821,2605.0,0.0,2155.0,756.2240942109906,2800.0,3,austin,"Austin, TX",24.333920595781212,35.99597931595813,29.854274713312325,27.029689797685123,43.416666666666664
austin,2,"reference, perfect information","austin_s2_reference,_perfect_information",2880.0,30.377685820226752,36.448669120228104,12682.184967718058,2580.0,0.0,2125.0,752.736334685802,2770.0,3,austin,"Austin, TX",24.333920595781212,35.99597931595813,29.854274713312325,27.029689797685123,43.0
austin,3,sealed,austin_s3_sealed,2880.0,35.53176422859992,43.57065405646148,27451.48097836775,2880.0,0.0,0.0,0.0,0.0,0,austin,"Austin, TX",24.1669280199163,36.0097165311709,29.854351392248052,27.029850328060025,48.0
austin,3,open throughout,austin_s3_open_throughout,2880.0,30.725932622273906,36.854481095843234,13664.351642393367,2685.0,0.0,0.0,0.0,2875.0,1,austin,"Austin, TX",24.1669280199163,36.0097165311709,29.854351392248052,27.029850328060025,44.75
austin,3,timer,austin_s3_timer,2880.0,30.80604979509407,37.380805645033085,13888.517738593582,2710.0,0.0,1435.0,597.9166666666218,1435.0,192,austin,"Austin, TX",24.1669280199163,36.0097165311709,29.854351392248052,27.029850328060025,45.166666666666664
austin,3,threshold rule,austin_s3_threshold_rule,2880.0,30.37711522276989,36.435340017814596,12755.565598628635,2570.0,0.0,2800.0,1166.6666666657943,2800.0,9,austin,"Austin, TX",24.1669280199163,36.0097165311709,29.854351392248052,27.029850328060025,42.833333333333336
austin,3,controller,austin_s3_controller,2880.0,30.389451017276688,36.4341385857326,12728.471033641883,2585.0,0.0,2455.0,844.0301503727491,2875.0,1,austin,"Austin, TX",24.1669280199163,36.0097165311709,29.854351392248052,27.029850328060025,43.083333333333336
austin,3,"reference, perfect information","austin_s3_reference,_perfect_information",2880.0,30.387212218898284,36.43685116276505,12717.563679028674,2575.0,0.0,2305.0,831.4898708606497,2875.0,1,austin,"Austin, TX",24.1669280199163,36.0097165311709,29.854351392248052,27.029850328060025,42.916666666666664
chicago,2,sealed,chicago_s2_sealed,2880.0,34.34777970039037,42.00066936546553,24041.60553712429,2880.0,0.0,0.0,0.0,0.0,0,chicago,"Chicago, IL",24.18918370133671,34.81442622641698,28.727943624474662,25.612235275632454,48.0
chicago,2,open throughout,chicago_s2_open_throughout,2880.0,29.597205678217833,35.39525899874847,10659.814562595786,2295.0,0.0,0.0,0.0,2875.0,1,chicago,"Chicago, IL",24.18918370133671,34.81442622641698,28.727943624474662,25.612235275632454,38.25
chicago,2,timer,chicago_s2_timer,2880.0,29.677264967960177,35.999337787795085,10859.997847417631,2310.0,0.0,1435.0,597.9166666666218,1435.0,192,chicago,"Chicago, IL",24.18918370133671,34.81442622641698,28.727943624474662,25.612235275632454,38.5
chicago,2,threshold rule,chicago_s2_threshold_rule,2880.0,29.18202303809442,34.878319147354375,9673.757379553168,2125.0,0.0,2665.0,1110.4166666658762,2665.0,5,chicago,"Chicago, IL",24.18918370133671,34.81442622641698,28.727943624474662,25.612235275632454,35.416666666666664
chicago,2,controller,chicago_s2_controller,2880.0,29.166240569364717,34.881857498585255,9447.74605624497,2160.0,0.0,1825.0,611.5891400413814,2590.0,3,chicago,"Chicago, IL",24.18918370133671,34.81442622641698,28.727943624474662,25.612235275632454,36.0
chicago,2,"reference, perfect information","chicago_s2_reference,_perfect_information",2880.0,29.123469249785913,34.88437228931075,9328.880458267586,2150.0,0.0,1750.0,617.5320966324625,2530.0,3,chicago,"Chicago, IL",24.18918370133671,34.81442622641698,28.727943624474662,25.612235275632454,35.833333333333336
chicago,3,sealed,chicago_s3_sealed,2880.0,34.37089152400231,42.02054221319359,24108.167589126668,2880.0,0.0,0.0,0.0,0.0,0,chicago,"Chicago, IL",24.15334197376628,34.81299157916322,28.727941820323203,25.612329087019024,48.0
chicago,3,open throughout,chicago_s3_open_throughout,2880.0,29.600659375373247,35.40411449964079,10667.617874984575,2300.0,0.0,0.0,0.0,2875.0,1,chicago,"Chicago, IL",24.15334197376628,34.81299157916322,28.727941820323203,25.612329087019024,38.333333333333336
chicago,3,timer,chicago_s3_timer,2880.0,29.680086461703443,36.06628853733576,10867.234410229255,2340.0,0.0,1435.0,597.9166666666218,1435.0,192,chicago,"Chicago, IL",24.15334197376628,34.81299157916322,28.727941820323203,25.612329087019024,39.0
chicago,3,threshold rule,chicago_s3_threshold_rule,2880.0,29.086501663753104,34.87187006985637,9396.335045651507,2115.0,0.0,2540.0,1058.3333333326186,2540.0,3,chicago,"Chicago, IL",24.15334197376628,34.81299157916322,28.727941820323203,25.612329087019024,35.25
chicago,3,controller,chicago_s3_controller,2880.0,29.12269922010114,34.88110917456854,9332.511084621417,2140.0,0.0,1990.0,686.0067110133662,2530.0,3,chicago,"Chicago, IL",24.15334197376628,34.81299157916322,28.727941820323203,25.612329087019024,35.666666666666664
chicago,3,"reference, perfect information","chicago_s3_reference,_perfect_information",2880.0,29.14316818902369,34.88656026928403,9392.01906851746,2120.0,0.0,1900.0,674.2712286597736,2560.0,3,chicago,"Chicago, IL",24.15334197376628,34.81299157916322,28.727941820323203,25.612329087019024,35.333333333333336
seattle,2,sealed,seattle_s2_sealed,2880.0,26.05630690815302,36.037566343880776,7318.9549082681,1330.0,0.0,0.0,0.0,0.0,0,seattle,"Seattle, WA",13.342863162177213,29.09882747694378,21.231976430529844,15.930398467115431,22.166666666666668
seattle,2,open throughout,seattle_s2_open_throughout,2880.0,21.985225273494102,29.985362468934056,1771.826446497009,830.0,675.0,0.0,0.0,2875.0,1,seattle,"Seattle, WA",13.342863162177213,29.09882747694378,21.231976430529844,15.930398467115431,13.833333333333334
seattle,2,timer,seattle_s2_timer,2880.0,22.06620194943537,30.547773094204455,1866.3348085650437,850.0,675.0,1435.0,597.9166666666218,1435.0,192,seattle,"Seattle, WA",13.342863162177213,29.09882747694378,21.231976430529844,15.930398467115431,14.166666666666666
seattle,2,threshold rule,seattle_s2_threshold_rule,2880.0,21.72373721580096,29.549825041206482,1429.1025812324417,760.0,700.0,1990.0,829.1666666662852,1990.0,35,seattle,"Seattle, WA",13.342863162177213,29.09882747694378,21.231976430529844,15.930398467115431,12.666666666666666
seattle,2,controller,seattle_s2_controller,2880.0,21.86540751097114,29.523230585969337,1387.691023914423,725.0,345.0,910.0,345.6063300158075,1945.0,12,seattle,"Seattle, WA",13.342863162177213,29.09882747694378,21.231976430529844,15.930398467115431,12.083333333333334
seattle,2,"reference, perfect information","seattle_s2_reference,_perfect_information",2880.0,21.82980544461772,29.523272954270645,1385.557334494465,720.0,555.0,690.0,241.96158244703548,2170.0,9,seattle,"Seattle, WA",13.342863162177213,29.09882747694378,21.231976430529844,15.930398467115431,12.0
seattle,3,sealed,seattle_s3_sealed,2880.0,26.060406801197544,36.03988036516613,7321.4416258275005,1330.0,0.0,0.0,0.0,0.0,0,seattle,"Seattle, WA",13.35346761608765,29.070631766532767,21.232259923716388,15.93200820797191,22.166666666666668
seattle,3,open throughout,seattle_s3_open_throughout,2880.0,21.98586625615878,30.02278957415944,1771.5886421654022,825.0,670.0,0.0,0.0,2875.0,1,seattle,"Seattle, WA",13.35346761608765,29.070631766532767,21.232259923716388,15.93200820797191,13.75
seattle,3,timer,seattle_s3_timer,2880.0,22.066975568088324,30.57332937100971,1866.3124132228795,850.0,665.0,1435.0,597.9166666666218,1435.0,192,seattle,"Seattle, WA",13.35346761608765,29.070631766532767,21.232259923716388,15.93200820797191,14.166666666666666
seattle,3,threshold rule,seattle_s3_threshold_rule,2880.0,21.500843037244408,29.519564573409365,1366.8240641797695,715.0,705.0,1610.0,670.8333333331824,1610.0,31,seattle,"Seattle, WA",13.35346761608765,29.070631766532767,21.232259923716388,15.93200820797191,11.916666666666666
seattle,3,controller,seattle_s3_controller,2880.0,21.885073855748058,29.532048273069613,1401.7115017439337,730.0,540.0,720.0,272.5874934159277,2305.0,12,seattle,"Seattle, WA",13.35346761608765,29.070631766532767,21.232259923716388,15.93200820797191,12.166666666666666
seattle,3,"reference, perfect information","seattle_s3_reference,_perfect_information",2880.0,21.831198270518023,29.5218795499026,1385.3449832029635,720.0,540.0,705.0,266.2025051380653,2215.0,7,seattle,"Seattle, WA",13.35346761608765,29.070631766532767,21.232259923716388,15.93200820797191,12.0
