parameter,unit,identified,implied_by_config,relative_error_pct
C_in,J/K,132018.5206210672,146180.0,-9.687699670907646
C_wall,J/K,1538295.499208807,1500000.0,2.553033280587134
K_iw_0,W/K,25.61983319837907,25.636363636363637,-0.0644804318546948
K_iw_open,W/K,2.600954249241813,2.8223519599666353,-7.844440164274885
K_iw_fan,W/K,3.535121724330384,1.2254949299855191,188.46481840379022
K_leak,W/K,9.03763254316907,8.040000000000001,12.408364964789405
K_open,W/K,133.37581207474824,140.7,-5.2055351281106965
K_fan,W/K,173.805440624496,160.8,8.087960587373118
K_wo,W/K,31.50794490429435,30.32258064516129,3.9091800035239324
fan_heat,W,28.927099573033853,25.0,15.708398292135413
