scenario,seed,policy,session_id,minutes,mean_t_in,max_t_in,degree_minutes_over_26,minutes_over_26,minutes_under_24,fan_minutes,fan_wh,window_open_minutes,moves,location,kind,heater_w,split
palo_alto,1,random,palo_alto_rand1,2880.0,23.846168109509605,35.89415708130443,4574.97777463382,1015.0,80.0,1335.0,415.6249999999625,2270.0,85,palo_alto,random,0.0,fit
palo_alto,2,random,palo_alto_rand2,2880.0,24.30934351121516,35.573802633741494,4937.86996464924,990.0,45.0,1110.0,341.66666666666504,1710.0,70,palo_alto,random,8.8,fit
palo_alto,3,random,palo_alto_rand3,2880.0,23.273782936127652,33.18403762481749,3453.9602587397794,935.0,355.0,1470.0,472.91666666663775,2000.0,72,palo_alto,random,17.6,validate
palo_alto,10,fixed,palo_alto_hold_u0.35f0,2880.0,24.303680258857444,35.76306163699637,5282.0571323599115,1115.0,0.0,0.0,0.0,2875.0,1,palo_alto,hold u=0.35 f=0,0.0,fit
palo_alto,11,fixed,palo_alto_hold_u0.6f1,2880.0,23.11437461873571,35.12627005759704,3957.953678069619,945.0,190.0,2875.0,1197.9166666657488,2875.0,1,palo_alto,hold u=0.6 f=1,17.6,fit
palo_alto,12,fixed,palo_alto_hold_u1f0.45,2880.0,22.818512761346923,32.069029050283184,3324.1099548639145,980.0,255.0,2875.0,539.0625,2875.0,1,palo_alto,hold u=1 f=0.45,0.0,validate
phoenix,1,random,phoenix_rand1,2880.0,40.47620249921975,47.944806576331814,41691.46319775289,2880.0,0.0,1455.0,464.5833333333029,2160.0,84,phoenix,random,8.8,fit
phoenix,2,random,phoenix_rand2,2880.0,41.18079117620883,50.84746135104808,43720.67858748142,2880.0,0.0,1155.0,348.95833333333724,1780.0,67,phoenix,random,0.0,fit
phoenix,3,random,phoenix_rand3,2880.0,40.30212517104045,50.860949968733294,41190.12049259649,2880.0,0.0,1155.0,377.0833333333414,2105.0,75,phoenix,random,0.0,validate
phoenix,10,fixed,phoenix_hold_u0.35f0,2880.0,41.20977248739584,48.02061455881755,43804.14476370002,2880.0,0.0,0.0,0.0,2875.0,1,phoenix,hold u=0.35 f=0,17.6,fit
phoenix,11,fixed,phoenix_hold_u0.6f1,2880.0,39.429248267388225,48.17168286860452,38676.235010078104,2880.0,0.0,2875.0,1197.9166666657488,2875.0,1,phoenix,hold u=0.6 f=1,17.6,fit
phoenix,12,fixed,phoenix_hold_u1f0.45,2880.0,39.376461481900634,46.175096443495185,38524.20906787382,2880.0,0.0,2875.0,539.0625,2875.0,1,phoenix,hold u=1 f=0.45,17.6,validate
austin,1,random,austin_rand1,2880.0,31.47601482637497,40.34010115160016,15844.470175077713,2745.0,0.0,1640.0,534.3749999999425,2100.0,76,austin,random,0.0,fit
austin,2,random,austin_rand2,2880.0,31.8427040033221,40.929846839932495,16856.990216175058,2795.0,0.0,1440.0,468.75000000000114,2000.0,81,austin,random,17.6,fit
austin,3,random,austin_rand3,2880.0,31.463605783908104,39.42852307460063,15769.46672452864,2790.0,0.0,1550.0,437.49999999997596,2200.0,93,austin,random,8.8,validate
austin,10,fixed,austin_hold_u0.35f0,2880.0,32.744268075019185,40.88212800530055,19423.49205605525,2880.0,0.0,0.0,0.0,2875.0,1,austin,hold u=0.35 f=0,17.6,fit
austin,11,fixed,austin_hold_u0.6f1,2880.0,30.83340005082927,36.89660176519858,13964.306516020551,2735.0,0.0,2875.0,1197.9166666657488,2875.0,1,austin,hold u=0.6 f=1,17.6,fit
austin,12,fixed,austin_hold_u1f0.45,2880.0,30.879643976839514,37.021569230413796,14122.006612833986,2680.0,0.0,2875.0,539.0625,2875.0,1,austin,hold u=1 f=0.45,17.6,validate
chicago,1,random,chicago_rand1,2880.0,30.3579507736592,37.46805922435687,12717.311288805755,2505.0,0.0,1325.0,384.37499999993673,1990.0,81,chicago,random,17.6,fit
chicago,2,random,chicago_rand2,2880.0,30.1420103211917,39.08569049962656,12016.069032772928,2660.0,0.0,1530.0,447.91666666664315,2190.0,87,chicago,random,17.6,fit
chicago,3,random,chicago_rand3,2880.0,31.32187825119677,45.47488682842837,15394.707616820773,2730.0,0.0,1005.0,313.5416666666829,1880.0,70,chicago,random,0.0,validate
chicago,10,fixed,chicago_hold_u0.35f0,2880.0,31.098295389313606,37.41289434159035,14683.09072122318,2880.0,0.0,0.0,0.0,2875.0,1,chicago,hold u=0.35 f=0,0.0,fit
chicago,11,fixed,chicago_hold_u0.6f1,2880.0,29.53196130729614,34.80123795183116,10347.450943917607,2425.0,0.0,2875.0,1197.9166666657488,2875.0,1,chicago,hold u=0.6 f=1,0.0,fit
chicago,12,fixed,chicago_hold_u1f0.45,2880.0,29.59622049688259,35.85340672435185,10633.04974525261,2340.0,0.0,2875.0,539.0625,2875.0,1,chicago,hold u=1 f=0.45,0.0,validate
seattle,1,random,seattle_rand1,2880.0,23.71017737192862,34.163770611231115,3536.7151496070273,1140.0,290.0,1425.0,437.4999999999862,2120.0,79,seattle,random,17.6,fit
seattle,2,random,seattle_rand2,2880.0,22.80521649577507,32.35131688841383,2162.84286944573,915.0,430.0,1370.0,445.8333333333295,2330.0,73,seattle,random,8.8,fit
seattle,3,random,seattle_rand3,2880.0,23.80913935277243,33.5803138810572,3933.687562335095,1095.0,190.0,1245.0,405.2083333333256,2035.0,78,seattle,random,8.8,validate
seattle,10,fixed,seattle_hold_u0.35f0,2880.0,23.195262076678333,31.40688544375778,2883.8538042968817,955.0,280.0,0.0,0.0,2875.0,1,seattle,hold u=0.35 f=0,17.6,fit
seattle,11,fixed,seattle_hold_u0.6f1,2880.0,22.300922934080283,29.930310782990937,1765.42925843094,840.0,475.0,2875.0,1197.9166666657488,2875.0,1,seattle,hold u=0.6 f=1,0.0,fit
seattle,12,fixed,seattle_hold_u1f0.45,2880.0,22.62815660367485,32.230552409813455,2411.241018000177,945.0,495.0,2875.0,539.0625,2875.0,1,seattle,hold u=1 f=0.45,0.0,validate
