time,temperature_2m,relative_humidity_2m,cloud_cover
2024-07-05 00:00:00,15.7,70,0
2024-07-05 01:00:00,15.1,76,0
2024-07-05 02:00:00,14.7,79,0
2024-07-05 03:00:00,14.3,79,0
2024-07-05 04:00:00,14.0,81,1
2024-07-05 05:00:00,13.4,83,1
2024-07-05 06:00:00,14.6,78,4
2024-07-05 07:00:00,16.5,70,2
2024-07-05 08:00:00,18.4,65,0
2024-07-05 09:00:00,20.2,60,0
2024-07-05 10:00:00,21.4,60,0
2024-07-05 11:00:00,22.7,57,0
2024-07-05 12:00:00,24.1,53,0
2024-07-05 13:00:00,25.4,47,0
2024-07-05 14:00:00,26.4,42,0
2024-07-05 15:00:00,26.9,40,0
2024-07-05 16:00:00,27.2,39,0
2024-07-05 17:00:00,27.3,39,0
2024-07-05 18:00:00,26.3,36,0
2024-07-05 19:00:00,25.3,39,0
2024-07-05 20:00:00,23.9,46,0
2024-07-05 21:00:00,21.4,53,0
2024-07-05 22:00:00,19.3,62,0
2024-07-05 23:00:00,17.7,71,0
2024-07-06 00:00:00,16.8,75,0
2024-07-06 01:00:00,16.6,74,0
2024-07-06 02:00:00,16.4,70,0
2024-07-06 03:00:00,15.1,77,0
2024-07-06 04:00:00,14.2,84,0
2024-07-06 05:00:00,14.2,85,1
2024-07-06 06:00:00,15.1,83,4
2024-07-06 07:00:00,17.4,78,4
2024-07-06 08:00:00,19.8,65,0
2024-07-06 09:00:00,21.8,52,0
2024-07-06 10:00:00,23.1,48,0
2024-07-06 11:00:00,24.1,46,0
2024-07-06 12:00:00,25.2,44,0
2024-07-06 13:00:00,26.6,40,0
2024-07-06 14:00:00,27.8,36,0
2024-07-06 15:00:00,28.5,33,0
2024-07-06 16:00:00,28.8,32,0
2024-07-06 17:00:00,28.8,32,0
2024-07-06 18:00:00,28.3,34,0
2024-07-06 19:00:00,27.0,39,0
2024-07-06 20:00:00,25.2,44,0
2024-07-06 21:00:00,23.3,48,0
2024-07-06 22:00:00,21.3,51,0
2024-07-06 23:00:00,20.0,54,0
2024-07-07 00:00:00,18.8,61,0
2024-07-07 01:00:00,17.3,72,0
2024-07-07 02:00:00,16.5,79,0
2024-07-07 03:00:00,15.6,84,0
2024-07-07 04:00:00,15.1,88,0
2024-07-07 05:00:00,14.5,90,1
2024-07-07 06:00:00,14.5,93,5
2024-07-07 07:00:00,16.6,84,4
2024-07-07 08:00:00,18.8,74,0
2024-07-07 09:00:00,21.2,64,0
2024-07-07 10:00:00,23.3,56,0
2024-07-07 11:00:00,25.3,49,0
2024-07-07 12:00:00,26.8,45,0
2024-07-07 13:00:00,28.2,40,0
2024-07-07 14:00:00,29.4,34,0
2024-07-07 15:00:00,30.3,29,0
2024-07-07 16:00:00,30.8,26,0
2024-07-07 17:00:00,30.9,24,0
2024-07-07 18:00:00,30.5,24,0
2024-07-07 19:00:00,29.5,29,0
2024-07-07 20:00:00,27.7,35,0
2024-07-07 21:00:00,25.6,38,0
2024-07-07 22:00:00,23.9,42,0
2024-07-07 23:00:00,22.4,46,0
