scenario,seed,policy,session_id,minutes,mean_t_in,max_t_in,degree_minutes_over_26,minutes_over_26,minutes_under_24,fan_minutes,fan_wh,window_open_minutes,moves
cool,11,timer,cool_s11_timer,180.0,20.655588605779645,23.175126659178133,0.0,0.0,180.0,89.5,3.7291666666670897,89.5,12
cool,11,simple_rule,cool_s11_simple_rule,180.0,23.163093683658456,24.062045563314737,0.0,0.0,176.5,5.0,0.20833333333333273,5.0,2
cool,11,model,cool_s11_model,180.0,23.163093683658456,24.062045563314737,0.0,0.0,176.5,5.0,0.20833333333333273,5.0,2
cool,12,timer,cool_s12_timer,180.0,20.56092467001298,22.93619011576945,0.0,0.0,180.0,89.5,3.7291666666670897,89.5,12
cool,12,simple_rule,cool_s12_simple_rule,180.0,23.054150440250794,24.11885485082669,0.0,0.0,175.5,5.0,0.20833333333333273,5.0,2
cool,12,model,cool_s12_model,180.0,23.054150440250794,24.11885485082669,0.0,0.0,175.5,5.0,0.20833333333333273,5.0,2
cool,13,timer,cool_s13_timer,180.0,21.085200878344427,23.481341216104767,0.0,0.0,180.0,89.5,3.7291666666670897,89.5,12
cool,13,simple_rule,cool_s13_simple_rule,180.0,23.259071026857157,24.187944585575504,0.0,0.0,158.0,10.0,0.41666666666666535,10.0,4
cool,13,model,cool_s13_model,180.0,23.259071026857157,24.187944585575504,0.0,0.0,158.0,10.0,0.41666666666666535,10.0,4
hot,11,timer,hot_s11_timer,180.0,31.543021613977796,34.71303248737039,999.9136681439481,178.0,0.0,89.5,3.7291666666670897,89.5,12
hot,11,simple_rule,hot_s11_simple_rule,180.0,30.462315729936865,32.46434921863743,807.3535310160172,175.5,0.0,158.5,6.604166666665874,158.5,3
hot,11,model,hot_s11_model,180.0,30.576693792638267,32.75727415000165,827.9415823022694,175.5,0.0,69.5,2.895833333333626,169.5,1
hot,12,timer,hot_s12_timer,180.0,31.50249255062996,34.850676825457555,992.8664431087202,177.5,0.0,89.5,3.7291666666670897,89.5,12
hot,12,simple_rule,hot_s12_simple_rule,180.0,30.380286769723146,33.22788042200418,793.3042688380394,175.0,0.0,147.0,6.124999999999439,147.0,7
hot,12,model,hot_s12_model,180.0,30.527168446396992,32.76481006872216,819.7429706393314,175.0,0.0,51.5,2.145833333333509,165.5,1
hot,13,timer,hot_s13_timer,180.0,31.940766149974536,35.37023576285731,1070.8725437769122,178.0,0.0,89.5,3.7291666666670897,89.5,12
hot,13,simple_rule,hot_s13_simple_rule,180.0,30.976713142540575,33.77470116450396,898.4974531628117,176.0,0.0,134.0,5.583333333333034,134.0,9
hot,13,model,hot_s13_model,180.0,31.150245490951658,33.29817706138522,929.7332758768066,176.0,0.0,20.0,0.8333333333333306,156.5,1
hot_then_cooling,11,timer,hot_then_cooling_s11_timer,180.0,29.173634348937867,34.6322283939062,707.7521800790646,122.5,35.0,89.5,3.7291666666670897,89.5,12
hot_then_cooling,11,simple_rule,hot_then_cooling_s11_simple_rule,180.0,28.10518862493509,32.28651608582498,541.2979286713093,111.0,42.5,129.5,5.395833333333124,129.5,10
hot_then_cooling,11,model,hot_then_cooling_s11_model,180.0,28.175595299875415,32.584036735992676,553.9212490494001,111.5,42.5,88.5,3.6875000000004166,131.0,10
hot_then_cooling,12,timer,hot_then_cooling_s12_timer,180.0,28.064096661463857,33.63530891243654,579.7082821675157,121.0,50.5,89.5,3.7291666666670897,89.5,12
hot_then_cooling,12,simple_rule,hot_then_cooling_s12_simple_rule,180.0,27.33116632378667,31.117854494662765,431.3275638421689,106.5,55.0,120.5,5.0208333333333055,120.5,8
hot_then_cooling,12,model,hot_then_cooling_s12_model,180.0,27.468037894540156,31.482172953372267,455.51891477786893,106.5,55.0,59.0,2.4583333333335577,123.5,8
hot_then_cooling,13,timer,hot_then_cooling_s13_timer,180.0,28.538698117152226,34.46428082448236,633.5695100685627,122.0,45.0,89.5,3.7291666666670897,89.5,12
hot_then_cooling,13,simple_rule,hot_then_cooling_s13_simple_rule,180.0,27.89123258666017,33.04443974847927,507.804010890748,110.0,44.0,110.0,4.583333333333517,110.0,12
hot_then_cooling,13,model,hot_then_cooling_s13_model,180.0,27.93524507176459,32.24477106025719,515.2928357959013,110.5,43.5,59.5,2.479166666666894,127.5,8
hot_walls_cold_outside,11,timer,hot_walls_cold_outside_s11_timer,180.0,27.056462059825726,30.432800470957673,219.05195668977177,125.0,0.0,89.5,3.7291666666670897,89.5,12
hot_walls_cold_outside,11,simple_rule,hot_walls_cold_outside_s11_simple_rule,180.0,25.854913621184984,30.376437452569643,76.426618040403,44.5,0.0,179.5,7.479166666665451,179.5,1
hot_walls_cold_outside,11,model,hot_walls_cold_outside_s11_model,180.0,26.04494708732889,30.376437452569643,81.16665892854,66.0,0.0,79.5,3.312500000000358,179.5,1
hot_walls_cold_outside,12,timer,hot_walls_cold_outside_s12_timer,180.0,27.371588034930067,30.726900640438217,261.948617786909,144.0,0.0,89.5,3.7291666666670897,89.5,12
hot_walls_cold_outside,12,simple_rule,hot_walls_cold_outside_s12_simple_rule,180.0,26.230976592008584,30.26430534691343,103.05569539731398,75.5,0.0,179.5,7.479166666665451,179.5,1
hot_walls_cold_outside,12,model,hot_walls_cold_outside_s12_model,180.0,26.505572517360562,30.26430534691343,120.40388562018568,93.0,0.0,56.5,2.354166666666875,179.5,1
hot_walls_cold_outside,13,timer,hot_walls_cold_outside_s13_timer,180.0,27.9431191134041,31.4514455394431,351.6467547102413,169.5,0.0,89.5,3.7291666666670897,89.5,12
hot_walls_cold_outside,13,simple_rule,hot_walls_cold_outside_s13_simple_rule,180.0,26.74677456830257,31.109539301033433,154.84091942284127,131.5,0.0,164.5,6.854166666665753,164.5,7
hot_walls_cold_outside,13,model,hot_walls_cold_outside_s13_model,180.0,26.972349705095233,31.094402184770516,179.83358943502265,154.0,0.0,45.5,1.89583333333347,179.5,1
