feature,label,mean,sd,min,max,corr_with_label
d,T_out - T_in,-1.4480221062070642,1.7598474570836542,-8.104166666666668,6.9375,0.4272270129421123
u_d,u . (T_out - T_in),-0.8420544182017143,1.1475066160172813,-7.604166666666664,5.770833333333336,0.5690883226501449
u_f_d,u . f . (T_out - T_in),-0.3701612987491641,0.7118273307456066,-6.4375,5.770833333333336,0.4231527765105148
wall_minus_in,T_wall - T_in,-0.5542111222566721,0.8398857795335841,-3.979166666666668,3.239583333333334,-0.057573333724173656
heater_w,heater (W),8.247893488965895,7.708016760020161,0.0,17.6,0.030375465162756955
slope_in,indoor trend,-0.008669893582920212,0.10341526536306883,-0.7297348484848485,1.109280303030303,0.6156101588387951
slope_out,outdoor trend,-0.013839626199990051,0.1445799449627512,-0.5214015151515152,0.36136363636363633,0.1797376980133334
u_wall_minus_out,u . (T_wall - T_out),0.5739518264788134,1.0014842383070441,-5.5312500000000036,6.104166666666668,-0.6110314736406975
u_slope_out,u . outdoor trend,-0.008350150983204284,0.10452038845740502,-0.5214015151515152,0.36136363636363633,0.1732107654185983
