input,label,ridge_coef,lgbm_gain_frac
d,T_out - T_in,0.15670751299876834,0.17952086259803832
u_d,u . (T_out - T_in),0.40807295794326703,0.0934020958599584
u_f_d,u . f . (T_out - T_in),0.08305367739100918,0.053283180189275386
wall_minus_in,T_wall - T_in,0.0004990555227558353,0.12063358606397537
heater_w,heater (W),0.055556386189585215,0.0773984000314805
slope_in,indoor trend,1.5131284827340667,0.2582186488547408
slope_out,outdoor trend,-0.022984431417759403,0.04318349618996375
u_wall_minus_out,u . (T_wall - T_out),0.11296530841208571,0.1273286390756929
u_slope_out,u . outdoor trend,-0.8168728465372938,0.047031091136874634
