fan_margin,degree_minutes,fan_minutes,fan_wh,g3_pct,g4_pct,meets_g3,meets_g4,minutes_under_24,max_t_in
0.1,1458.692121870356,159.5,6.64583333333386,22.0960536548821,55.44692737430168,False,True,214.5,32.78578670866013
0.2,1493.9432945777808,74.5,3.104166666666796,20.213404515953126,79.18994413407822,False,True,214.5,32.92439684026698
0.3,1506.6947076547267,57.5,2.3958333333333988,19.532393502541257,83.93854748603353,False,True,214.0,32.92439684026698
0.4,1515.7458886094205,46.5,1.9375000000000302,19.0489997110191,87.01117318435753,False,True,205.0,32.92439684026698
0.5,1530.4353067284792,17.0,0.7083333333333311,18.26448622539004,95.25139664804469,False,True,176.0,32.92439684026698
0.6,1536.2409283350205,0.5,0.020833333333333332,17.954427079011626,99.86033519553072,False,True,190.0,32.92439684026698
0.8,1536.2409283350205,0.0,0.0,17.954427079011626,100.0,False,True,189.0,32.92439684026698
1.0,1536.2409283350205,0.0,0.0,17.954427079011626,100.0,False,True,189.0,32.92439684026698
1.3,1536.2409283350205,0.0,0.0,17.954427079011626,100.0,False,True,189.0,32.92439684026698
