scenario,seed,policy,session_id,minutes,mean_t_in,max_t_in,degree_minutes_over_26,minutes_over_26,minutes_under_24,fan_minutes,fan_wh,window_open_minutes,moves,heater_w,t_in0,t_wall0,split,distinct_actions
cool,101,random,cool_s101,240.0,21.81609606863734,23.9185641669908,0.0,0.0,240.0,141.5,3.4062499999999645,190.5,15,17.6,20.199674753049777,23.4018302436952,train,9
cool,102,random,cool_s102,240.0,18.933016004217222,20.86023045392818,0.0,0.0,240.0,178.5,6.104166666667161,203.0,14,8.8,16.751623969433595,15.660376296248128,train,9
cool,103,random,cool_s103,240.0,20.840450594700776,24.15467762386207,0.0,0.0,239.5,86.0,2.9166666666669627,162.5,17,17.6,24.176897574639728,19.748514925795202,train,9
cool,104,random,cool_s104,240.0,21.066222824822642,23.22867240476735,0.0,0.0,240.0,116.5,4.07291666666687,155.0,18,13.2,21.109142229133354,23.76986928342529,train,9
cool,105,random,cool_s105,240.0,21.49817116122477,23.8751643016185,0.0,0.0,240.0,77.0,2.6354166666665524,153.5,15,17.6,20.77086488767266,22.19551313107635,train,10
cool,106,random,cool_s106,240.0,19.44371565832791,20.6652957511233,0.0,0.0,240.0,79.0,2.6875000000003237,149.0,14,0.0,16.284150555166875,20.8328411472072,train,8
cool,107,random,cool_s107,240.0,21.033577335586436,22.789880648191968,0.0,0.0,240.0,95.5,3.3333333333334747,192.0,12,17.6,15.193115391616455,15.868804313794353,test,8
cool,108,random,cool_s108,240.0,20.868931293345096,23.533718444696685,0.0,0.0,240.0,125.0,4.031250000000177,158.5,15,11.0,16.136304355378915,15.318078962644398,test,9
hot,101,random,hot_s101,240.0,31.483678170408947,33.56401973876654,1320.1469467883994,235.5,0.0,128.5,3.89583333333285,212.0,15,17.6,23.997995680121107,24.94809898399452,train,11
hot,102,random,hot_s102,240.0,30.725603515470493,33.3688459650513,1134.7867045313978,238.0,0.0,105.0,3.927083333333824,151.5,16,8.8,25.422651955264346,25.035807360437076,train,8
hot,103,random,hot_s103,240.0,31.761989472790727,35.2564332115197,1393.4044110431896,234.5,2.5,175.0,4.802083333333584,204.5,13,17.6,21.67001619185765,23.861648548244048,train,8
hot,104,random,hot_s104,240.0,30.769980913874438,33.01291441924953,1144.7954193298638,240.0,0.0,150.0,4.541666666666984,202.5,13,13.2,28.12870851774278,26.631047217243964,train,10
hot,105,random,hot_s105,240.0,31.20921891658211,34.46676289253389,1255.4853489620532,237.0,1.5,98.0,3.750000000000213,174.0,15,17.6,22.118988364544556,27.862183985362606,train,8
hot,106,random,hot_s106,240.0,28.260018443313708,30.09453357000395,556.2981241924097,219.5,0.0,106.0,3.0416666666668823,172.0,13,0.0,28.344684398705404,22.097280132163434,train,8
hot,107,random,hot_s107,240.0,30.454366045243194,33.33688510784138,1079.502042032851,233.0,2.0,98.5,2.71875000000023,196.5,15,17.6,21.968108005434875,23.50648182560643,test,10
hot,108,random,hot_s108,240.0,31.091072785212514,33.97600333900687,1232.704687810859,229.5,0.0,91.5,3.1562500000003335,139.5,14,11.0,26.501263842917393,18.360568651198456,test,7
hot_then_cooling,101,random,hot_then_cooling_s101,240.0,28.89376811277109,35.31320372590586,892.7295126705475,153.5,46.0,135.5,4.593749999999889,178.5,16,17.6,21.3426968693517,25.033928381354382,train,9
hot_then_cooling,102,random,hot_then_cooling_s102,240.0,27.18575628477363,31.71225621079591,621.5162264112918,143.5,70.5,163.0,5.437500000000397,206.5,13,8.8,25.504885000424636,27.37792039786326,train,10
hot_then_cooling,103,random,hot_then_cooling_s103,240.0,28.37238806679032,34.279416819235976,778.018396023463,164.5,50.0,152.5,4.458333333333914,197.0,15,17.6,28.425442944199553,25.403606434946447,train,8
hot_then_cooling,104,random,hot_then_cooling_s104,240.0,28.228157050598764,33.31166972244233,800.4077864186434,159.0,64.0,103.0,3.2812499999999933,151.0,18,13.2,27.58605845051885,24.770301100414684,train,10
hot_then_cooling,105,random,hot_then_cooling_s105,240.0,27.22375169146006,33.30531750491665,651.5747575453283,139.5,74.0,168.0,5.072916666667,216.0,12,17.6,23.53852925978824,26.082016804585884,train,9
hot_then_cooling,106,random,hot_then_cooling_s106,240.0,26.48143067475631,31.187260498527166,553.1180582503779,138.0,86.0,93.0,2.3854166666669196,179.5,17,0.0,22.571473365175336,29.414949025128905,train,10
hot_then_cooling,107,random,hot_then_cooling_s107,240.0,30.19521577110055,35.31257461480562,1101.22836673811,192.5,26.0,73.0,1.760416666666862,134.0,16,17.6,24.08946210477856,29.095741729589847,test,8
hot_then_cooling,108,random,hot_then_cooling_s108,240.0,26.87638634002443,32.41061983021901,572.4016387993552,144.5,83.0,131.0,4.677083333332972,190.0,15,11.0,23.400121539161937,28.552201462270897,test,8
hot_walls_cold_outside,101,random,hot_walls_cold_outside_s101,240.0,27.502559412161887,30.03256136210126,360.6142589188532,240.0,0.0,183.5,5.05208333333283,193.0,16,17.6,26.90528068629234,32.34748249387857,train,10
hot_walls_cold_outside,102,random,hot_walls_cold_outside_s102,240.0,26.773943733448103,31.995479983072318,211.03578938101052,153.0,0.0,103.0,3.020833333333206,173.0,16,8.8,29.642675838695336,34.941115654262575,train,10
hot_walls_cold_outside,103,random,hot_walls_cold_outside_s103,240.0,27.810564183862954,32.21685313796286,460.70916633983893,193.5,0.0,55.5,1.1562500000001008,123.5,12,17.6,29.814286915455547,30.958263207167327,train,7
hot_walls_cold_outside,104,random,hot_walls_cold_outside_s104,240.0,26.893746742311123,32.95635358631782,298.04164853504705,122.0,0.0,127.0,3.6979166666665853,177.0,11,13.2,27.387960124938957,35.86443250547445,train,8
hot_walls_cold_outside,105,random,hot_walls_cold_outside_s105,240.0,27.898508135958362,30.79989240157769,455.71911530823945,237.0,0.0,86.0,3.1145833333335604,156.0,16,17.6,27.74270760378175,31.897033246388755,train,9
hot_walls_cold_outside,106,random,hot_walls_cold_outside_s106,240.0,24.853490567713866,30.444582224462224,98.68338251386066,35.0,103.0,122.5,3.8124999999999334,224.0,14,0.0,29.14320586686409,33.42729836789866,train,11
hot_walls_cold_outside,107,random,hot_walls_cold_outside_s107,240.0,27.86592010517933,34.32583937311312,448.0335949007812,237.5,0.0,158.5,5.677083333332928,194.0,14,17.6,25.391453035396236,36.96642007732213,test,9
hot_walls_cold_outside,108,random,hot_walls_cold_outside_s108,240.0,26.88771812990462,28.789751755292546,230.85435398223692,189.0,0.5,137.0,4.760416666667298,171.5,12,11.0,23.369769071004782,31.67374264842998,test,7
cool,300,fixed,cool_x300_u1f1,240.0,18.229316563924748,19.47993973642036,0.0,0.0,240.0,239.5,9.979166666666774,239.5,1,0.0,15.626465541323327,18.704422614590072,train,1
cool,301,fixed,cool_x301_u1f0,240.0,20.23273134194846,21.58008042881056,0.0,0.0,240.0,0.0,0.0,239.5,1,17.6,16.189128330741205,21.934378356964846,train,1
cool,302,fixed,cool_x302_u0.5f0.5,240.0,19.47567485067807,21.290345077892315,0.0,0.0,240.0,239.5,4.989583333333387,239.5,1,0.0,21.26578892229708,22.285644193319175,train,1
cool,303,fixed,cool_x303_u0f0,240.0,18.401956797269182,19.358522642656794,0.0,0.0,240.0,0.0,0.0,0.0,0,0.0,14.0,19.458083384315245,train,1
cool,304,fixed,cool_x304_u0.75f1,240.0,19.167337784497075,21.783223226930037,0.0,0.0,240.0,239.5,9.979166666666774,239.5,1,0.0,20.24622335483033,24.88784378358688,test,1
cool,305,fixed,cool_x305_u0.25f0,240.0,18.560178177770634,19.71297332478428,0.0,0.0,240.0,0.0,0.0,239.5,1,0.0,19.6406846540343,20.168513729401603,test,1
hot,300,fixed,hot_x300_u1f1,240.0,28.482815096465213,30.544540199381093,635.2763923186687,223.0,8.5,239.5,9.979166666666774,239.5,1,0.0,18.987643825639232,20.13201308112567,train,1
hot,301,fixed,hot_x301_u1f0,240.0,29.111304216334798,31.2093919256338,770.8080674149065,224.5,5.0,0.0,0.0,239.5,1,8.8,21.898907030377494,21.38022400469864,train,1
hot,302,fixed,hot_x302_u0.5f0.5,240.0,30.97318944881295,32.552343120980204,1193.5654677151088,240.0,0.0,239.5,4.989583333333387,239.5,1,8.8,32.51204874603337,32.44295593448639,train,1
hot,303,fixed,hot_x303_u0f0,240.0,28.441884942408667,30.55735222166081,673.0601615480955,204.0,22.0,0.0,0.0,0.0,0,0.0,22.598262967696797,19.610784900111064,train,1
hot,304,fixed,hot_x304_u0.75f1,240.0,29.830400699661073,31.62367895968976,922.4201547246873,238.0,1.0,239.5,9.979166666666774,239.5,1,0.0,23.172281914367396,28.350870642541288,test,1
hot,305,fixed,hot_x305_u0.25f0,240.0,30.893330659148727,32.58286136452636,1174.3993581956954,240.0,0.0,0.0,0.0,239.5,1,8.8,31.32455546493028,34.484955749870466,test,1
hot_then_cooling,300,fixed,hot_then_cooling_x300_u1f1,240.0,26.040188265317745,31.153085526735822,517.374610058546,135.5,91.0,239.5,9.979166666666774,239.5,1,0.0,26.64209310185928,27.897730531212986,train,1
hot_then_cooling,301,fixed,hot_then_cooling_x301_u1f0,240.0,28.411624899338957,34.29045817959445,882.1665766580145,152.0,74.0,0.0,0.0,239.5,1,17.6,33.52655646675922,35.10503970676286,train,1
hot_then_cooling,302,fixed,hot_then_cooling_x302_u0.5f0.5,240.0,27.2179121964724,35.35890566672334,726.525193337701,142.5,83.0,239.5,4.989583333333387,239.5,1,8.8,34.23875711258538,38.65641525872886,train,1
hot_then_cooling,303,fixed,hot_then_cooling_x303_u0f0,240.0,26.90208521198805,30.81107539558663,536.3440215416433,155.0,67.5,0.0,0.0,0.0,0,0.0,25.498025505849665,27.952008403183065,train,1
hot_then_cooling,304,fixed,hot_then_cooling_x304_u0.75f1,240.0,25.04721729024119,30.078148568322003,362.7853339154497,129.5,95.5,239.5,9.979166666666774,239.5,1,0.0,24.781098056139513,23.52710889366258,test,1
hot_then_cooling,305,fixed,hot_then_cooling_x305_u0.25f0,240.0,31.294869972737818,37.96647771265575,1362.1815927081477,179.0,18.5,0.0,0.0,239.5,1,17.6,34.78391329948285,39.502890743486745,test,1
hot_walls_cold_outside,300,fixed,hot_walls_cold_outside_x300_u1f1,240.0,25.569999432887286,26.472750038922115,17.48390016888642,71.0,0.5,239.5,9.979166666666774,239.5,1,17.6,23.70484740728802,26.40505296097241,train,1
hot_walls_cold_outside,301,fixed,hot_walls_cold_outside_x301_u1f0,240.0,24.906941218903988,27.691748986150547,22.750642957238977,26.5,28.0,0.0,0.0,239.5,1,0.0,27.094426206233845,29.678084256033994,train,1
hot_walls_cold_outside,302,fixed,hot_walls_cold_outside_x302_u0.5f0.5,240.0,26.03859559860507,27.0734305961125,70.98595724612247,141.5,8.0,239.5,4.989583333333387,239.5,1,17.6,18.53821690777044,21.775122159967463,train,1
hot_walls_cold_outside,303,fixed,hot_walls_cold_outside_x303_u0f0,240.0,24.98021567427769,28.45918047292798,67.1581090658402,49.5,66.5,0.0,0.0,0.0,0,0.0,27.492469709480318,30.333178980132583,train,1
hot_walls_cold_outside,304,fixed,hot_walls_cold_outside_x304_u0.75f1,240.0,25.02695485772011,26.98640153433892,9.913016705577004,18.0,10.0,239.5,9.979166666666774,239.5,1,0.0,26.944400915059127,27.44070190743091,test,1
hot_walls_cold_outside,305,fixed,hot_walls_cold_outside_x305_u0.25f0,240.0,23.447807969819056,24.528713365300316,0.0,0.0,180.0,0.0,0.0,239.5,1,0.0,17.99993850400733,19.589674184725553,test,1
