scenario,seed,t_s,t_in_true,t_wall_true,t_out_true,u_at_row,f_at_row,true_benefit,tie,truth_open,model_benefit,model_open,rule_open,model_correct,rule_correct
cool,23,3480.0,22.932539523285573,21.08895684395064,19.68269321891081,0.0,0.0,2.7951542720812093,False,True,2.172423368682452,True,True,True,True
cool,23,7020.0,20.82367828368854,20.18888491227831,18.337884976829667,1.0,0.0,2.8045315709503704,False,True,1.7694797766320813,True,True,True,True
cool,23,720.0,20.603391889612343,19.78819490663959,19.200275987704156,1.0,0.0,1.755095963958201,False,True,1.3134483462070947,True,True,True,True
cool,22,7500.0,21.626647089036485,20.07717199751112,18.24155624096961,0.25,1.0,3.13626052812835,False,True,1.9441895446845834,True,True,True,True
cool,23,5220.0,23.570926986123155,21.146828917842573,19.60598253213461,0.0,0.0,3.180221577318946,False,True,2.3097075134936746,True,True,True,True
cool,23,8340.0,20.065372612791617,19.25596158522577,18.493519108366744,0.75,0.5,2.2825694760663175,False,True,1.3182626990549435,True,True,True,True
cool,22,8820.0,22.888894900827257,19.324443384758005,17.135567456413693,0.0,0.0,3.308631108582496,False,True,2.8852739135306917,True,True,True,True
hot,21,4170.0,34.60773548649852,31.860108777452837,30.820051734218186,0.5,0.0,2.8027180395198243,False,True,1.9063599689013997,True,True,True,True
hot,21,450.0,27.052333958548516,25.540004164647428,28.094536085228643,0.25,0.0,0.57759716241139,False,True,-0.2754671391872707,False,False,False,False
hot,23,4770.0,31.662491512591615,30.988426787130848,30.168217352485637,0.75,1.0,2.230112246883195,False,True,1.1568505700866103,True,True,True,True
hot,23,4110.0,32.14805709839221,30.641659352066124,30.601305612833567,0.75,1.0,2.3001471277224965,False,True,1.3441034960232476,True,True,True,True
hot,22,4260.0,34.38072585912944,31.280561445228923,29.83177140180953,0.25,1.0,2.841727761109958,False,True,2.377278194764143,True,True,True,True
hot,22,5130.0,33.06730281337673,31.793669046657328,30.63667661500919,1.0,0.5,2.388180163138273,False,True,1.2993221207664338,True,True,True,True
hot,21,3810.0,34.40741226545621,31.497393770053105,31.44321851526431,0.0,0.0,2.6978943562504867,False,True,1.1567817144992592,True,True,True,True
hot_then_cooling,22,6780.0,27.894964857227674,27.093219165598015,20.888944211954694,1.0,0.0,4.770980336626934,False,True,2.547178093393338,True,True,True,True
hot_then_cooling,23,9690.0,23.048678633222192,20.898659445411415,18.364524656100176,0.0,0.0,3.379483274400979,False,True,2.300274686697104,True,True,True,True
hot_then_cooling,22,3540.0,31.459695251873214,30.924652061594546,30.340429535824967,1.0,1.0,2.069622211401132,False,True,1.195938584328227,True,True,True,True
hot_then_cooling,22,4530.0,33.93340873524587,31.027485974852922,29.05029936441021,0.0,0.0,4.016260068669716,False,True,2.5386923834995483,True,True,True,True
hot_then_cooling,22,5310.0,32.74490800979741,30.38711802213629,26.86662920727575,0.25,0.0,4.706968797134071,False,True,2.429246126123654,True,True,True,True
hot_then_cooling,22,7620.0,24.907942562682734,24.240747433945074,19.887258036443068,0.5,0.5,3.6925958830767627,False,True,2.2815833509011685,True,True,True,True
hot_then_cooling,22,5490.0,32.33731623993443,30.06169605181006,25.40723005169185,0.25,0.0,4.66651604661584,False,True,2.4544630044531743,True,True,True,True
hot_walls_cold_outside,21,5010.0,26.250125053932674,25.97583749358972,24.230277373818485,1.0,1.0,2.4534293205633766,False,True,1.5367281867532534,True,True,True,True
hot_walls_cold_outside,22,4140.0,28.845673017722078,26.752572616925736,24.93923965613612,0.25,0.0,3.307847991655308,False,True,2.1526756815563295,True,True,True,True
hot_walls_cold_outside,23,5490.0,28.924773356417063,26.120251896262356,24.20882573992453,0.0,0.0,3.6021072089610975,False,True,2.5360103478160765,True,True,True,True
hot_walls_cold_outside,23,5910.0,29.297813831777336,25.998080585740098,23.196018868777927,0.0,0.0,3.579353870705873,False,True,2.7286650164520503,True,True,True,True
hot_walls_cold_outside,21,6630.0,26.950776533131428,25.393436641905634,24.278839360386712,0.25,1.0,2.161540535470273,False,True,1.430349087412906,True,True,True,True
hot_walls_cold_outside,22,8550.0,27.12010109466978,25.958865717499098,25.101865046098762,0.5,0.5,2.47787963245926,False,True,1.2578237567044728,True,True,True,True
hot_walls_cold_outside,23,9660.0,26.783585497561916,25.94625024719609,24.655337866694868,1.0,0.0,2.2965859657223646,False,True,1.2794027213809187,True,True,True,True
hot_walls_cold_outside,23,6600.0,29.385474341669596,25.864609647581105,24.040530880288035,0.0,0.0,3.2092933123520133,False,True,2.8049694060035986,True,True,True,True
hot,23,6180.0,32.11341250651725,31.25851618964012,29.673801989200147,0.75,0.5,2.9536075824368915,False,True,1.6020994892265685,True,True,True,True
